"municipal_typologie_id","municipal_typologie","num_occupied","num_tot","occupied_ratio"
8,"Agrargemeinden","131174","6917580","0.01896241171045365576"
1,"Grosszentren","989475","16648647","0.05943275750876332473"
3,"Gürtel der Grosszentren","836800","19712930","0.04244929596970110481"
5,"Gürtel der Mittelzentren","705934","27539097","0.02563388334773649259"
6,"Kleinzentren","129384","5638125","0.02294805453940804789"
4,"Mittelzentren","1069207","22226184","0.04810573870890297678"
2,"Nebenzentren der Grosszentren","604219","12822121","0.04712317096368065783"
7,"Periurbane ländliche Gemeinden","1113474","17224029","0.06464654698386771179"
9,"Touristische Gemeinden","418867","7399555","0.05660705272141365258"
